_id,id,first_name,last_name,gender
ObjectId("5e684e45b376b01dd0a38bb2"),1,Tades,Luney,Male
ObjectId("5e684e45b376b01dd0a38bb3"),2,Morie,Hindrich,Male
ObjectId("5e684e45b376b01dd0a38bb4"),3,Domeniga,Baumaier,Female
ObjectId("5e684e45b376b01dd0a38bb5"),4,Gypsy,Grundwater,Female
ObjectId("5e684e45b376b01dd0a38bb6"),5,Constanta,Edgecumbe,Female
ObjectId("5e684e45b376b01dd0a38bb7"),6,Keslie,Arno,Female
ObjectId("5e684e45b376b01dd0a38bb8"),7,Rowen,Beasleigh,Male
ObjectId("5e684e45b376b01dd0a38bb9"),8,Dacia,Quilliam,Female
ObjectId("5e684e45b376b01dd0a38bba"),9,Lynelle,Bedberry,Female
ObjectId("5e684e45b376b01dd0a38bbb"),10,Olva,Yakubovics,Female
ObjectId("5e684e45b376b01dd0a38bbc"),11,Justus,Lidgertwood,Male
ObjectId("5e684e45b376b01dd0a38bbd"),12,Winfred,Fiske,Male
ObjectId("5e684e45b376b01dd0a38bbe"),13,Fletcher,Storms,Male
ObjectId("5e684e45b376b01dd0a38bbf"),14,Nichole,Haet,Male
ObjectId("5e684e45b376b01dd0a38bc0"),15,Charley,Booth,Male
ObjectId("5e684e45b376b01dd0a38bc1"),16,Laney,Kilbane,Male
ObjectId("5e684e45b376b01dd0a38bc2"),17,Maurizia,Hancell,Female
ObjectId("5e684e45b376b01dd0a38bc3"),18,Eberhard,Linsey,Male
ObjectId("5e684e45b376b01dd0a38bc4"),19,Sydney,Handyside,Female
ObjectId("5e684e45b376b01dd0a38bc5"),20,Heidi,Stamp,Female
ObjectId("5e684e45b376b01dd0a38bc6"),21,Tripp,Harbour,Male
ObjectId("5e684e45b376b01dd0a38bc7"),22,Nicola,Barbisch,Male
ObjectId("5e684e45b376b01dd0a38bc8"),23,Caren,Boyson,Female
ObjectId("5e684e45b376b01dd0a38bc9"),24,Lucio,Scallan,Male
ObjectId("5e684e45b376b01dd0a38bca"),25,Salvidor,Guntrip,Male
ObjectId("5e684e45b376b01dd0a38bcb"),26,Heidie,Welbrock,Female
ObjectId("5e684e45b376b01dd0a38bcc"),27,Ollie,Pawle,Male
ObjectId("5e684e45b376b01dd0a38bcd"),28,Lars,Albrecht,Male
ObjectId("5e684e45b376b01dd0a38bce"),29,Elga,Basnett,Female
ObjectId("5e684e45b376b01dd0a38bcf"),30,Sterne,Tarbatt,Male
ObjectId("5e684e45b376b01dd0a38bd0"),31,Tadeas,Garvill,Male
ObjectId("5e684e45b376b01dd0a38bd1"),32,Noella,Brameld,Female
ObjectId("5e684e45b376b01dd0a38bd2"),33,Carlita,Faulder,Female
ObjectId("5e684e45b376b01dd0a38bd3"),34,Helen,Bentje,Female
ObjectId("5e684e45b376b01dd0a38bd4"),35,Bell,Venmore,Female
ObjectId("5e684e45b376b01dd0a38bd5"),36,Karlis,Ortes,Male
ObjectId("5e684e45b376b01dd0a38bd6"),37,Matthew,Ledram,Male
ObjectId("5e684e45b376b01dd0a38bd7"),38,Daniella,Wheeler,Female
ObjectId("5e684e45b376b01dd0a38bd8"),39,Davidde,Streets,Male
ObjectId("5e684e45b376b01dd0a38bd9"),40,Sheilah,Rusk,Female
ObjectId("5e684e45b376b01dd0a38bda"),41,Cyndia,Loseke,Female
ObjectId("5e684e45b376b01dd0a38bdb"),42,Joana,Lidden,Female
ObjectId("5e684e45b376b01dd0a38bdc"),43,Virgilio,Blonden,Male
ObjectId("5e684e45b376b01dd0a38bdd"),44,Sherm,Bertin,Male
ObjectId("5e684e45b376b01dd0a38bde"),45,Tabor,Cornil,Male
ObjectId("5e684e45b376b01dd0a38bdf"),46,Hyacintha,Tanti,Female
ObjectId("5e684e45b376b01dd0a38be0"),47,Doe,Yeomans,Female
ObjectId("5e684e45b376b01dd0a38be1"),48,Margret,Sapseed,Female
ObjectId("5e684e45b376b01dd0a38be2"),49,Cletus,Brinson,Male
ObjectId("5e684e45b376b01dd0a38be3"),50,Lauritz,Woodberry,Male
ObjectId("5e684e45b376b01dd0a38be4"),51,Brook,Rowlstone,Male
ObjectId("5e684e45b376b01dd0a38be5"),52,Sherline,Winterflood,Female
ObjectId("5e684e45b376b01dd0a38be6"),53,Gaylor,Taudevin,Male
ObjectId("5e684e45b376b01dd0a38be7"),54,Brietta,Bernardino,Female
ObjectId("5e684e45b376b01dd0a38be8"),55,Reg,Edwardes,Male
ObjectId("5e684e45b376b01dd0a38be9"),56,Walsh,Conniam,Male
ObjectId("5e684e45b376b01dd0a38bea"),57,Courtney,Lody,Male
ObjectId("5e684e45b376b01dd0a38beb"),58,Meara,Pinkie,Female
ObjectId("5e684e45b376b01dd0a38bec"),59,Darrin,Massei,Male
ObjectId("5e684e45b376b01dd0a38bed"),60,Katinka,Adami,Female
ObjectId("5e684e45b376b01dd0a38bee"),61,Ole,Churchill,Male
ObjectId("5e684e45b376b01dd0a38bef"),62,Stanley,Longmaid,Male
ObjectId("5e684e45b376b01dd0a38bf0"),63,Web,Eliasen,Male
ObjectId("5e684e45b376b01dd0a38bf1"),64,Shea,Coneybeer,Female
ObjectId("5e684e45b376b01dd0a38bf2"),65,Alissa,Fleetwood,Female
ObjectId("5e684e45b376b01dd0a38bf3"),66,Marlo,Athowe,Male
ObjectId("5e684e45b376b01dd0a38bf4"),67,Aldo,Walaron,Male
ObjectId("5e684e45b376b01dd0a38bf5"),68,Alleen,Ahren,Female
ObjectId("5e684e45b376b01dd0a38bf6"),69,Nedi,Roughey,Female
ObjectId("5e684e45b376b01dd0a38bf7"),70,Gav,Durtnel,Male
ObjectId("5e684e45b376b01dd0a38bf8"),71,Leora,Roseburgh,Female
ObjectId("5e684e45b376b01dd0a38bf9"),72,Meridith,Bargh,Female
ObjectId("5e684e45b376b01dd0a38bfa"),73,Robb,Hapgood,Male
ObjectId("5e684e45b376b01dd0a38bfb"),74,Lexie,Barley,Female
ObjectId("5e684e45b376b01dd0a38bfc"),75,Andras,Minett,Male
ObjectId("5e684e45b376b01dd0a38bfd"),76,Merwin,Morsey,Male
ObjectId("5e684e45b376b01dd0a38bfe"),77,Nicoli,Goudie,Female
ObjectId("5e684e45b376b01dd0a38bff"),78,Vanda,Saturley,Female
ObjectId("5e684e45b376b01dd0a38c00"),79,Zitella,Jefferd,Female
ObjectId("5e684e45b376b01dd0a38c01"),80,Gregoire,Luno,Male
ObjectId("5e684e45b376b01dd0a38c02"),81,Kellby,Graveson,Male
ObjectId("5e684e45b376b01dd0a38c03"),82,Isidor,Ferschke,Male
ObjectId("5e684e45b376b01dd0a38c04"),83,Tomkin,Probat,Male
ObjectId("5e684e45b376b01dd0a38c05"),84,Abey,Goldes,Male
ObjectId("5e684e45b376b01dd0a38c06"),85,Brier,Bangham,Female
ObjectId("5e684e45b376b01dd0a38c07"),86,Zacherie,Klais,Male
ObjectId("5e684e45b376b01dd0a38c08"),87,Lorraine,Rahlof,Female
ObjectId("5e684e45b376b01dd0a38c09"),88,Correy,Beaumont,Male
ObjectId("5e684e45b376b01dd0a38c0a"),89,Babbette,Fenney,Female
ObjectId("5e684e45b376b01dd0a38c0b"),90,Clarita,Nudd,Female
ObjectId("5e684e45b376b01dd0a38c0c"),91,Amerigo,Roots,Male
ObjectId("5e684e45b376b01dd0a38c0d"),92,Filberto,Stife,Male
ObjectId("5e684e45b376b01dd0a38c0e"),93,Gwyn,Roddell,Female
ObjectId("5e684e45b376b01dd0a38c0f"),94,Merola,Mattioli,Female
ObjectId("5e684e45b376b01dd0a38c10"),95,Abram,Pisculli,Male
ObjectId("5e684e45b376b01dd0a38c11"),96,Xenia,Child,Female
ObjectId("5e684e45b376b01dd0a38c12"),97,Timmy,Fullager,Male
ObjectId("5e684e45b376b01dd0a38c13"),98,Hazel,Phipson,Female
ObjectId("5e684e45b376b01dd0a38c14"),99,Cher,Bainton,Female
ObjectId("5e684e45b376b01dd0a38c15"),100,Weider,Marrow,Male
ObjectId("5e684e45b376b01dd0a38c16"),,,,
